Title,Year,Duration (min),Director
4 Moons,2014,109.4,Sergio Tovar Velarde
7 Days in Havana,2012,129.2,Julio Medem
8½,1963,139.1,
9 canzoni,2004,69.7,Michael Winterbottom
9 settimane e ½,1986,116.8,Adrian Lyne
20 Days in Mariupol,2023,97.3,Mstyslav Chernov
120 battiti al minuto,2017,142.9,Robin Campillo
1985,2018,85.8,Yen Tan
2001: Odissea nello spazio,1968,148.9,Stanley Kubrick
2073 - Ultima chiamata,2024,83.1,Asif Kapadia
The Act of Killing - L'atto di uccidere,2012,166.6,Joshua Oppenheimer
Adagio,2023,127.0,Stefano Sollima
Adieu au langage - Addio al linguaggio,2014,69.6,Jean-Luc Godard
Aftersun,2022,101.1,Charlotte Wells
Ai nostri amori,1983,99.1,Maurice Pialat
Al di là della vita,1999,121.0,Martin Scorsese
The Alabama Solution,2025,114.2,Charlotte Kaufman
All These Sleepless Nights,2016,103.4,Michał Marczak
Allonsanfàn,1974,106.8,Vittorio Taviani
Alpha,2025,128.1,Julia Ducournau
Alps,2011,93.7,Yorgos Lanthimos
Amadeus,1984,180.4,Miloš Forman
Amarcord,1973,123.9,Federico Fellini
Amer,2009,90.5,Bruno Forzani
American Beauty,1999,121.7,Sam Mendes
American Gigolò,1980,116.6,Paul Schrader
American Graffiti,1973,113.2,George Lucas
American Honey,2016,163.2,Andrea Arnold
Amici miei,1975,113.4,Mario Monicelli
Amour,2012,127.1,Michael Haneke
The Amusement Park,1975,53.8,George A. Romero
Anatomia di un rapimento,1963,143.7,Akira Kurosawa
Anatomia di una caduta,2023,151.9,Justine Triet
Ancora un'estate,2023,103.6,Catherine Breillat
And Then We Danced,2019,113.1,Levan Akin
Angeli perduti,1995,98.8,Wong Kar-Wai
Angels of the Sun,2006,91.4,Rudi Lagemann
Angst,1983,86.8,Gerald Kargl
Annette,2021,140.1,Leos Carax
Anora,2024,139.0,Sean Baker
Anselm,2023,93.6,Wim Wenders
Antichrist,2009,104.0,Lars von Trier
Antiporno,2016,75.9,Sion Sono
Apocalypse Now,1979,196.2,Francis Ford Coppola
The Apprentice - Alle origini di Trump,2024,122.4,Ali Abbasi
April,2024,134.2,Dea Kulumbegashvili
Aquarius,2016,146.1,Kleber Mendonça Filho
Aragoste a Manhattan,2024,139.1,Alonso Ruizpalacios
Arancia meccanica,1971,136.6,Stanley Kubrick
Arca Russa,2002,99.4,Aleksandr Sokurov
Arturo,1981,97.1,Steve Gordon
As bestas - La terra della discordia,2022,138.9,Rodrigo Sorogoyen
Aspromonte - La terra degli ultimi,2019,85.6,Mimmo Calopresti
Atto di forza,1990,113.5,Paul Verhoeven
Audition,1999,115.5,Takashi Miike
Avatar,2009,178.2,James Cameron
Avatar: Fuoco e Cenere,2025,197.1,James Cameron
Avatar: La via dell'acqua,2022,192.6,James Cameron
Baby Invasion,2024,79.4,Harmony Korine
Babygirl,2024,114.9,Halina Reijn
Balla coi lupi,1990,236.6,Kevin Costner
Bang Gang – Una storia d’amore moderno,2015,98.1,Eva Husson
Baraka,1992,97.8,Ron Fricke
Barry Lyndon,1975,185.1,Stanley Kubrick
Bastardi senza gloria,2009,152.9,Quentin Tarantino
La battaglia di Algeri,1966,121.7,Gillo Pontecorvo
Beach Rats,2017,98.2,Eliza Hittman
The Beast,2024,146.0,Bertrand Bonello
Beau travail,2000,93.3,Claire Denis
Beautiful Boy,2018,120.9,Felix van Groeningen
Beautiful Thing,1996,91.1,Hettie Macdonald
Beetlejuice Beetlejuice,2024,105.1,Tim Burton
Before Midnight,2013,108.9,Richard Linklater
Before Sunset - Prima del tramonto,2004,80.3,Richard Linklater
Bella di giorno,1967,100.5,Luis Buñuel
Bellflower,2011,106.5,Evan Glodell
Belli e dannati,1991,104.2,Gus Van Sant
Benedetta follia,2018,109.9,Carlo Verdone
Benny's Video,1992,109.7,Michael Haneke
Berdreymi,2022,122.9,Guðmundur Arnar Guðmundsson
Beyond the Black Rainbow,2010,109.7,Panos Cosmatos
Beyond Utopia,2023,115.7,Madeleine Gavin
"Bianco, rosso e Verdone",1981,109.2,Carlo Verdone
A Bigger Splash,2015,124.3,Luca Guadagnino
The Bikeriders,2024,116.4,Jeff Nichols
Bird,2024,119.2,Andrea Arnold
Black Dog,2024,115.7,Guan Hu
Blade Runner,1982,117.6,Ridley Scott
The Blair Witch Project - Il mistero della strega di Blair,1999,81.4,Eduardo Sánchez
Bling Ring,2013,90.6,Sofia Coppola
Blood Diamond - Diamanti di sangue,2006,143.4,Edward Zwick
Bloom Up: A Swinger Couple Story,2021,88.0,Mauro Russo Rouge
Blow-up,1966,111.7,Michelangelo Antonioni
Blue Moon,2025,100.5,Richard Linklater
Boi Neon,2016,104.1,Gabriel Mascaro
Boiling Point - Il disastro è servito,2021,95.0,Philip Barantini
Bones and All,2022,131.0,Luca Guadagnino
Boogie Nights - L'altra Hollywood,1997,155.6,Paul Thomas Anderson
Border - Creature di confine,2018,105.4,Ali Abbasi
Boris - Il film,2011,101.7,Luca Vendruscolo
Born to Be Wild: The Story of Steppenwolf,2024,101.9,Oliver Schwehm
Boy Erased - Vite cancellate,2018,114.8,Joel Edgerton
Boy Meets Boy,2021,72.6,Dani Sanchez-Lopez
Boys,2014,77.4,Mischa Kamp
Boys Don't Cry,1999,118.5,Kimberly Peirce
Boys on Film 21: Beautiful Secret,2021,134.0,George Dogaru
Boyz n the Hood - Strade violente,1991,112.1,John Singleton
Brazil,1985,143.4,Terry Gilliam
Breakfast on Pluto,2005,129.2,Neil Jordan
Broken Flowers,2005,101.4,Jim Jarmusch
Bromance,2016,92.9,Lucas Santa Ana
The Brown Bunny,2003,95.1,Vincent Gallo
The Brutalist,2024,201.1,Brady Corbet
Bugonia,2025,119.1,Yorgos Lanthimos
Bully,2001,112.6,Larry Clark
La bussola d'oro,2007,113.3,Chris Weitz
C'è ancora domani,2023,118.3,Paola Cortellesi
C'era una volta il West,1968,165.7,Sergio Leone
C'era una volta in America,1984,229.3,Sergio Leone
C'eravamo tanto amati,1974,124.3,Ettore Scola
Caduta Libera,2013,101.0,Stephan Lacant
Cafarnao - Caos e miracoli,2018,123.0,Nadine Labaki
Cannibal Love - Mangiata viva,2001,97.0,Claire Denis
Captain Phillips - Attacco in mare aperto,2013,134.1,Paul Greengrass
A casa tutti bene,2018,107.5,Gabriele Muccino
La cattura - Caccia a Matteo Messina Denaro,2023,99.6,Claudio Camarca
Cavalli elettrici,2025,119.3,Daniel Minahan
Chain Reactions,2025,101.8,Alexandre O. Philippe
Challengers,2024,131.6,Luca Guadagnino
Charley Thompson,2018,122.0,Andrew Haigh
Chi ha incastrato Roger Rabbit,1988,103.8,Robert Zemeckis
Chiamami col tuo nome,2017,132.1,Luca Guadagnino
Chiamatemi Boy George,1998,103.3,David Moreton
Children of the stars,2025,19.4,Giovanni Vestri
La chimera,2023,131.3,Alice Rohrwacher
Chinatown,1974,130.4,Roman Polanski
A cielo abierto,2024,106.3,Santiago Arriaga
La Ciénaga,2001,101.0,Lucrecia Martel
Cinque pezzi facili,1970,98.4,Bob Rafelson
City of God,2002,129.5,Fernando Meirelles
Civil War,2024,108.8,Alex Garland
Cleo dalle 5 alle 7,1962,36.0,Agnès Varda
Climax,2018,96.5,Gaspar Noé
Close,2022,104.0,Lukas Dhont
Closet Monster,2016,90.0,Stephen Lush
Coco,2017,105.0,Lee Unkrich
Coffee and Cigarettes,2003,96.8,Jim Jarmusch
Comizi d'amore,2004,91.9,Pier Paolo Pasolini
A Complete Unknown,2024,141.2,James Mangold
Conclave,2024,120.4,Edward Berger
La conversazione,1974,114.1,Francis Ford Coppola
La convocazione,2017,57.4,Enrico Maisto
Coraline e la porta magica,2009,100.6,Henry Selick
Corpo e anima,2017,116.0,Ildikó Enyedi
Cronache sessuali di una famiglia moderna,2012,85.1,Pascal Arnold
La cronologia dell’acqua,2025,128.1,Kristen Stewart
Crossing Istanbul,2024,106.3,Levan Akin
Cruising,1980,101.9,William Friedkin
Cure,1997,111.3,Kiyoshi Kurosawa
Da morire,1995,106.4,Gus Van Sant
Dario Argento: Panico,2023,97.2,Simone Scafidi
Dark Shadows,2012,113.1,Tim Burton
A Day in a Life,2021,15.0,Jonathan Velasquez
Delitto in pieno sole,1960,117.7,René Clément
Destricted,2006,111.9,Marco Brambilla
The Devil Is Busy,2024,31.7,Geeta Gandbhir
Dheepan - Una nuova vita,2015,114.9,Jacques Audiard
Diabolik,2021,133.5,Marco Manetti
Diabolik - Chi sei?,2023,124.4,Marco Manetti
Diabolik - Ginko all'attacco!,2022,116.1,Antonio Manetti
Diciannove,2025,107.6,Giovanni Tortorici
Dìdi,2024,93.8,Sean Wang
Die My Love,2025,118.7,Lynne Ramsay
A Different Man,2024,112.1,Aaron Schimberg
Disco Boy,2023,92.5,Giacomo Abbruzzese
The Dissident,2020,117.5,Bryan Fogel
Diva Futura,2024,125.0,Giulia Louise Steigerwalt
Divorzio all'italiana,1961,100.2,Pietro Germi
Dogman,2018,102.8,Matteo Garrone
Dogman,2023,114.6,Luc Besson
Dogtooth,2009,96.9,Yorgos Lanthimos
La dolce vita,1960,175.8,Federico Fellini
La donna che visse due volte,1958,128.5,Alfred Hitchcock
Donnie Darko,2001,133.9,Richard Kelly
Doom Generation,1995,79.7,Gregg Araki
Dragon Trainer,2010,97.9,Dean DeBlois
Dragon Trainer,2025,126.4,Dean DeBlois
The Drama - Un segreto è per sempre,2026,105.7,Kristoffer Borgli
Dream Boy,2008,90.0,James Bolton
The Dreamers - I sognatori,2003,115.1,Bernardo Bertolucci
Dreams,2024,106.1,Dag Johan Haugerud
Drive My Car,2021,178.9,Ryusuke Hamaguchi
Drugstore Cowboy,1989,101.5,Gus Van Sant
Due respiri,2023,14.5,Giovanni Vestri
Duel,1971,89.2,Steven Spielberg
Dune,2021,148.9,Denis Villeneuve
Dune - Parte due,2024,166.9,Denis Villeneuve
E.T. l'extra-terrestre,1982,114.6,Steven Spielberg
Earwig - La bambina con i denti di ghiaccio,2021,114.4,Lucile Hadžihalilović
Ecstasy Generation,1997,82.3,Gregg Araki
Eddington,2025,148.5,Ari Aster
EDEN,2025,3.3,Sara Perin
Educazione criminale,2025,120.0,Nick Rowland
Effetto notte,1973,116.0,François Truffaut
Eleanor the Great,2025,98.2,Scarlett Johansson
Elephant,2003,81.7,Gus Van Sant
Ella & John - The Leisure Seeker,2018,112.1,Paolo Virzì
Ema,2019,107.0,Pablo Larraín
The End,2024,148.7,Joshua Oppenheimer
End of the Century,2019,84.1,Lucio Castro
Enea,2024,116.9,Pietro Castellitto
Ennio,2021,150.1,Giuseppe Tornatore
Enter the Void,2009,161.0,Gaspar Noé
EO,2022,88.1,Jerzy Skolimowski
EPiC: Elvis Presley in Concert,2026,96.7,Baz Luhrmann
Eraserhead - La mente che cancella,1977,89.3,David Lynch
Eric & Oliver,2023,13.8,Dylan S. Baker
Essi vivono,1988,94.1,John Carpenter
Estranei,2023,102.4,Andrew Haigh
The Eternal Memory,2023,84.9,Maite Alberdi
Évolution,2015,81.9,Lucile Hadžihalilović
Ex Machina,2014,108.0,Alex Garland
The Experiment,2010,96.1,Paul T. Scheuring
Eyes Wide Shut,1999,159.0,Stanley Kubrick
Fa' la cosa giusta,1989,119.9,Spike Lee
The Fabelmans,2022,150.8,Steven Spielberg
Fag,2019,35.1,Olivier Lallart
The Fall,2006,117.1,Tarsem Singh
Familia,2024,124.3,Francesco Costabile
Fanny & Alexander,1982,189.4,Ingmar Bergman
Fantastic Mr. Fox,2009,86.8,Wes Anderson
La febbre del sabato sera,1977,119.1,John Badham
Festen - Festa in famiglia,1998,105.5,Thomas Vinterberg
Fino all'ultimo respiro,1960,90.4,Jean-Luc Godard
Flow - Un mondo da salvare,2024,85.0,Gints Zilbalodis
Forever Young,2022,125.6,Valeria Bruni Tedeschi
Forrest Gump,1994,142.2,Robert Zemeckis
The Founder,2016,110.9,John Lee Hancock
Frances Ha,2013,82.6,Noah Baumbach
Freaks Out,2021,140.8,Gabriele Mainetti
"The French Dispatch of the Liberty, Kansas Evening Sun",2021,107.6,Wes Anderson
Friday's Child,2018,92.7,A.J. Edwards
Fukushima: A Nuclear Nightmare,2026,89.6,Megumi Inman
Full Metal Jacket,1987,116.5,Stanley Kubrick
Funny Games,1997,108.9,Michael Haneke
Futura,2021,108.0,Pietro Marcello
Gangster Story,1967,110.8,Arthur Penn
Gasoline Rainbow,2024,110.7,Turner Ross
Genitori & figli - Agitare bene prima dell'uso,2010,109.7,Giovanni Veronesi
George Washington,2000,90.3,David Gordon Green
Gerontophilia,2013,82.9,Bruce LaBruce
Gerry,2002,102.9,Gus Van Sant
Giant Little Ones,2019,93.0,Keith Behrman
The Girl with the Needle,2024,123.0,Magnus von Horn
Gli amori di una bionda,1965,80.9,Miloš Forman
Gli anni più belli,2020,128.9,Gabriele Muccino
Gli Equilibristi,2012,107.2,Ivano De Matteo
Gli Incredibili 2,2018,117.8,Brad Bird
Gli orsi non esistono,2022,106.8,Jafar Panahi
Gli spietati,1992,130.7,Clint Eastwood
Gloria!,2024,105.9,Margherita Vicario
Godland - Nella terra di Dio,2022,143.2,Hlynur Pálmason
Godzilla,2014,123.1,Gareth Edwards
Gomorra,2008,137.4,Matteo Garrone
Good Boy,2025,73.4,Ben Leonberg
Grand Budapest Hotel,2014,99.9,Wes Anderson
Grand Theft Hamlet,2024,91.0,Pinny Grylls
Grand Tour,2024,128.9,Miguel Gomes
La grande abbuffata,1973,129.9,Marco Ferreri
La grande bellezza,2013,141.5,Paolo Sorrentino
La grande guerra,1959,132.0,Mario Monicelli
Green Border,2023,152.4,Agnieszka Holland
Gummo,1997,89.0,Harmony Korine
Handsome Devil,2017,101.4,John Butler
Happiness - Felicità,1998,140.0,Todd Solondz
Happy Family,2010,94.0,Gabriele Salvatores
Happy Together,1997,95.9,Wong Kar-Wai
Harakiri,1962,133.0,Masaki Kobayashi
Hardcore,1979,107.7,Paul Schrader
Härlig är jorden,1991,16.8,Roy Andersson
"Harry, ti presento Sally...",1989,95.5,Rob Reiner
Heartstone,2016,129.3,Guðmundur Arnar Guðmundsson
Heaven Knows What,2015,96.8,Benny Safdie
Here,2024,103.9,Robert Zemeckis
Hidden Kisses,2016,87.3,Didier Bivel
Hiroshima mon amour,1959,90.5,Alain Resnais
The History Of Sound - Sulle note di un amore,2025,129.3,Oliver Hermanus
Hit Man - Killer per caso,2024,115.7,Richard Linklater
The Holdovers - Lezioni di vita,2023,133.4,Alexander Payne
Hollywoodgate,2023,88.1,Ibrahim Nash'at
Holy Motors,2012,115.7,Leos Carax
Hong Kong Express,1994,102.9,Wong Kar-Wai
Hotel Bau,2009,100.0,Thor Freudenthal
House,1977,88.0,Nobuhiko Obayashi
How to Make Millions Before Grandma Dies,2024,126.8,Pat Boonnitipat
How to Roll Joint and Breath Love,,1.5,
HyperNormalisation,2016,166.5,Adam Curtis
I 400 colpi,1959,100.0,François Truffaut
I Am Not Your Negro,2017,93.7,Raoul Peck
I cannibali,1969,87.2,Liliana Cavani
I dannati,2024,88.3,Roberto Minervini
I nostri ragazzi,2014,94.3,Ivano De Matteo
I Predatori,2020,104.7,Pietro Castellitto
I pugni in tasca,1965,109.6,Marco Bellocchio
I ragazzi della Nickel,2024,139.8,RaMell Ross
I segreti di Brokeback Mountain,2005,134.5,Ang Lee
I sette samurai,1954,207.1,Akira Kurosawa
I Simpson - Il film,2007,86.7,David Silverman
I soliti ignoti,1958,106.0,Mario Monicelli
I soliti sospetti,1995,106.1,Bryan Singer
I Swear,2025,120.7,Kirk Jones
I Tenenbaum,2001,109.9,Wes Anderson
I villeggianti,2018,128.8,Valeria Bruni Tedeschi
I vitelloni,1953,102.9,Federico Fellini
"I'm a Cyborg, But That's OK",2006,107.3,Park Chan-wook
The Ice Tower,2025,117.2,Lucile Hadžihalilović
Idioti,1998,109.5,Lars von Trier
Il bandito delle 11,1965,110.3,Jean-Luc Godard
Il buco,2021,93.3,Michelangelo Frammartino
Il cacciatore,1978,183.5,Michael Cimino
Il camorrista,1986,164.2,Giuseppe Tornatore
Il capitale umano,2013,110.8,Paolo Virzì
Il Casanova di Federico Fellini,1976,154.0,Federico Fellini
Il caso 137,2025,116.0,Dominik Moll
Il cavaliere oscuro,2008,152.2,Christopher Nolan
Il cielo sopra Berlino,1987,127.7,Wim Wenders
Il colore del melograno,1969,79.7,Sergei Parajanov
Il conformista,1970,112.9,Bernardo Bertolucci
Il conto (2025),2025,3.3,
Il curioso caso di Benjamin Button,2008,166.0,David Fincher
Il Decameron,1971,111.2,Pier Paolo Pasolini
Il deserto rosso,1964,117.3,Michelangelo Antonioni
Il Divo,2008,117.9,Paolo Sorrentino
Il filo del ricatto -  Dead Man's Wire,2025,105.5,Gus Van Sant
Il gattopardo,1963,185.9,Luchino Visconti
Il giardino delle vergini suicide,2000,97.0,Sofia Coppola
Il gusto delle cose,2023,135.1,Trần Anh Hùng
Il laureato,1967,106.1,Mike Nichols
Il lungo addio,1973,112.2,Robert Altman
Il maestro,2025,120.0,Andrea Di Stefano
Il male non esiste,2023,106.6,Ryusuke Hamaguchi
Il maschio e la femmina,1966,104.2,Jean-Luc Godard
Il mio amico Eric,2009,116.8,Ken Loach
Il mio amico Massimo,2022,79.8,Alessandro Bencivenga
Il mistero della donna scomparsa,1988,106.5,George Sluizer
Il Nibbio,2025,104.4,Alessandro Tonda
Il padrino,1972,177.2,Francis Ford Coppola
Il paradiso,2023,83.0,Zeno Graton
Il piacere è tutto mio,2022,97.5,Sophie Hyde
Il pianista,2002,148.7,Roman Polanski
Il piccolo grande uomo,1970,139.4,Arthur Penn
Il piccolo Nicolas e i suoi genitori,2009,91.5,Laurent Tirard
Il portiere di notte,1974,118.3,Liliana Cavani
Il posto delle fragole,1957,92.5,Ingmar Bergman
Il processo,1962,121.0,Orson Welles
Il racconto dei racconti,2015,133.7,Matteo Garrone
Il ragazzo e l'airone,2023,123.9,Hayao Miyazaki
Il ragazzo invisibile,2014,101.4,Gabriele Salvatores
Il regno d'inverno - Winter Sleep,2014,196.8,Nuri Bilge Ceylan
Il ritorno di Casanova,2023,94.2,Gabriele Salvatores
Il robot selvaggio,2024,101.8,Chris Sanders
Il sacrificio del cervo sacro,2017,121.0,Yorgos Lanthimos
Il sale della terra,2014,110.3,Wim Wenders
Il seme del fico sacro,2024,166.6,Mohammad Rasoulof
Il sesso secondo lei,2005,89.2,Clement Virgo
Il settimo sigillo,1957,97.1,Ingmar Bergman
Il signore delle formiche,2022,134.4,Gianni Amelio
Il silenzio degli innocenti,1991,118.5,Jonathan Demme
Il Sindaco Italian politics 4 dummies,2018,76.2,Claudio Canepari
Il sol dell'avvenire,2023,95.5,Nanni Moretti
Il sorpasso,1962,105.5,Dino Risi
Il sospetto,2012,110.8,Thomas Vinterberg
Il tempo dei gitani,1988,142.0,Emir Kusturica
Il testamento di Ann Lee,2025,136.7,Mona Fastvold
Il traditore,2019,151.8,Marco Bellocchio
Il vangelo secondo Matteo,1965,137.2,Pier Paolo Pasolini
Il vento che accarezza l'erba,2006,127.0,Ken Loach
IL video di fineanno,2025,8.7,
Implosion: The Titanic Sub Disaster,2025,90.1,Pamela Gordon
Improvvisamente l'estate scorsa,1959,114.3,Joseph L. Mankiewicz
In a Heartbeat,2017,4.1,Esteban Bravo
In a Moment,2019,17.0,Sharlin Lucia
In Fabric,2018,118.7,Peter Strickland
In the Mood for Love,2000,98.7,Wong Kar-Wai
In viaggio verso un sogno - The Peanut Butter Falcon,2019,97.0,Michael Schwartz
Indagine su un cittadino al di sopra di ogni sospetto,1970,115.6,Elio Petri
Inland Empire - L'impero della mente,2006,179.7,David Lynch
Innocence,2004,120.7,Lucile Hadžihalilović
Inside - À l'intérieur,2007,79.3,Alexandre Bustillo
Interstellar,2014,169.1,Christopher Nolan
Io capitano,2023,121.7,Matteo Garrone
Io e Annie,1977,89.5,Woody Allen
Io e il secco,2024,98.8,Gianluca Santoni
Io sono ancora qui,2024,137.5,Walter Salles
Io sono l'amore,2009,119.4,Luca Guadagnino
"Io, Daniel Blake",2016,100.1,Ken Loach
Ipotesi sopravvivenza,1984,117.2,Mick Jackson
Iris,2014,79.8,Albert Maysles
Irma Vep,1996,98.8,Olivier Assayas
Irréversible,2002,97.4,Gaspar Noé
"It's Never Over, Jeff Buckley",2025,106.4,Amy J. Berg
"It's Not Me, I Swear!",2008,110.0,Philippe Falardeau
Jackass Forever,2022,96.0,Jeff Tremaine
Jackie Brown,1997,154.4,Quentin Tarantino
Jane B. for Agnes V.,1988,98.9,Agnès Varda
"Je t'aime, je t'aime - Anatomia di un suicidio",1968,94.9,Alain Resnais
El Jockey,2024,92.8,Luis Ortega
Joker: Folie à Deux,2024,138.0,Todd Phillips
Jules e Jim,1962,106.0,François Truffaut
Julie & Julia,2009,123.2,Nora Ephron
Just Friends,2018,85.1,Annemarie van de Mond
Keep the Lights On,2012,102.4,Ira Sachs
Ken Park,2002,92.3,Edward Lachman
Kids,1995,91.6,Larry Clark
Kill Bill: Volume 1,2003,110.7,Quentin Tarantino
Kill Bill: Volume 2,2004,136.8,Quentin Tarantino
Kisses,2008,75.8,Lance Daly
Koyaanisqatsi,1982,88.2,Godfrey Reggio
Kubrick by Kubrick,2020,61.2,Grégory Monro
Kung Fu Panda,2008,92.2,John Stevenson
Kung Fu Panda 2,2011,90.4,Jennifer Yuh Nelson
L.I.E.,2001,93.2,Michael Cuesta
L'abbiamo fatta grossa,2016,113.1,Carlo Verdone
L'agente segreto,2025,160.5,Kleber Mendonça Filho
L'albero della vita - The Fountain,2006,96.6,Darren Aronofsky
L'amante in città,1996,87.1,Greg Mottola
L'amico americano,1977,127.7,Wim Wenders
L'amore che non muore,2024,160.4,Gilles Lellouche
L'angoscia,1987,84.6,Bigas Luna
L'anno scorso a Marienbad,1961,94.6,Alain Resnais
L'apollonide - Souvenirs dalla casa chiusa chiusa,2011,125.7,Bertrand Bonello
L'appartamento,1960,125.2,Billy Wilder
L'assassinio di un allibratore cinese,1976,134.3,John Cassavetes
L'attimo fuggente,1989,128.7,Peter Weir
L'esorcista,1973,132.4,William Friedkin
L'età acerba,1994,114.0,André Téchiné
L'imbalsamatore,2002,100.0,Matteo Garrone
L'importante è amare,1975,113.1,Andrzej Żuławski
L'odio,1995,97.8,Mathieu Kassovitz
L'odore della notte,1998,98.7,Claudio Caligari
L'onda,2008,107.0,Dennis Gansel
L'ultima corvè,1973,104.0,Hal Ashby
L'ultima missione: Project Hail Mary,2026,156.4,Christopher Miller
L'ultima notte di Amore,2023,124.8,Andrea Di Stefano
L'ultimo spettacolo,1971,126.6,Peter Bogdanovich
L'uomo nel bosco,2024,103.8,Alain Guiraudie
L'uomo senza sonno,2004,101.9,Brad Anderson
L'ussaro sul tetto,1995,113.2,Jean-Paul Rappeneau
L’ora di religione - Il sorriso di mia madre,2002,100.8,Marco Bellocchio
L’ultimo turno,2025,91.7,Petra Biondina Volpe
Ladri di biciclette,1948,89.5,Vittorio De Sica
Last Breath,2019,85.8,Richard Da Costa
Last Days,2005,97.0,Gus Van Sant
The last spit,2025,14.7,Giovanni Vestri
Lazzaro felice,2018,127.6,Alice Rohrwacher
Le ali della libertà,1994,142.4,Frank Darabont
Le assaggiatrici,2025,123.5,Silvio Soldini
Le margheritine,1966,75.9,Věra Chytilová
Le meraviglie,2014,111.6,Alice Rohrwacher
Le notti bianche,1957,101.8,Luchino Visconti
Le notti di Cabiria,1957,118.2,Federico Fellini
Le otto montagne,2022,147.1,Felix van Groeningen
Le quattro volte,2010,88.0,Michelangelo Frammartino
Le vite degli altri,2006,137.4,Florian Henckel von Donnersmarck
La leggenda del pianista sull'oceano,1998,169.7,Giuseppe Tornatore
Leila e i suoi fratelli,2022,160.1,Saeed Roustaee
Léon,1994,132.7,Luc Besson
Les chansons d'amour,2007,91.7,Christophe Honoré
Letizia Battaglia: Shooting the Mafia,2019,98.0,Kim Longinotto
Leviathan,2012,88.0,Véréna Paravel
Lezioni di piano,1993,115.6,Jane Campion
Licorice Pizza,2021,133.4,Paul Thomas Anderson
The Life of Chuck,2025,111.0,Mike Flanagan
The Lighthouse,2019,109.1,Robert Eggers
Lilies - Gigli,1996,96.5,John Greyson
Lilja 4-ever,2002,104.6,Lukas Moodysson
Lisbon Story,1994,104.7,Wim Wenders
The Living End,1992,84.6,Gregg Araki
Lo chiamavano Jeeg Robot,2016,117.9,Gabriele Mainetti
Lo sconosciuto del lago,2013,100.3,Alain Guiraudie
Lo specchio,1975,107.0,Andrei Tarkovsky
Lo squalo,1975,123.9,Steven Spielberg
Lo zio Boonmee che si ricorda le vite precedenti,2010,108.7,Apichatpong Weerasethakul
Lolita,1962,153.5,Stanley Kubrick
The Look of Silence,2014,99.4,Joshua Oppenheimer
Lords of Dogtown,2005,110.2,Catherine Hardwicke
Louder Than Words,2017,16.6,Julio Dowansingh
Loulou,1980,105.2,Maurice Pialat
Love,2015,129.4,Gaspar Noé
Love,2024,119.9,Dag Johan Haugerud
Love Is the Devil,1998,90.5,John Maybury
Love Lies Bleeding,2024,103.9,Rose Glass
LOVE OFF THE FOOTBALL FIELD,2022,27.1,
Love Steaks,2013,86.6,Jakob Lass
Lux Æterna,2019,51.1,Gaspar Noé
Madre!,2017,121.2,Darren Aronofsky
Magnolia,1999,181.8,Paul Thomas Anderson
Mago Mario Ep 1,,4.7,
Making Of,2024,114.1,Cédric Kahn
The Making of Priscilla,2023,27.1,Liv McNeil
La mala educación,2004,105.2,Pedro Almodóvar
The Male Gaze: Sogni di Celluloide,2021,106.7,Ana Galizia
Malèna,2000,108.1,Giuseppe Tornatore
"Mamma, ho perso l'aereo",1990,102.9,Chris Columbus
Man in the Dark,2016,88.5,Fede Álvarez
Manhattan,1979,96.3,Woody Allen
Maniac,2012,88.8,Franck Khalfoun
Manodopera,2022,68.6,Alain Ughetto
Marcello mio,2024,121.6,Christophe Honoré
Marfa Girl,2012,107.0,Larry Clark
Maria,2024,123.1,Pablo Larraín
Marie Antoinette,2006,122.8,Sofia Coppola
Martin Eden,2019,128.9,Pietro Marcello
Marty Supreme,2025,149.7,Josh Safdie
Marx può aspettare,2021,90.6,Marco Bellocchio
Massima copertura,1992,107.6,Bill Duke
Maurice,1987,140.3,James Ivory
Me and You and Everyone We Know,2005,91.5,Miranda July
Mediterraneo,1991,102.1,Gabriele Salvatores
Medusa Deluxe,2023,100.6,Thomas Hardiman
Megadoc,2025,107.1,Mike Figgis
Megalopolis,2024,138.0,Francis Ford Coppola
Megamind,2010,95.6,Tom McGrath
"Mektoub, My Love - Canto Uno",2018,173.6,Abdellatif Kechiche
Melissa P.,2005,97.9,Luca Guadagnino
Memento,2000,113.4,Christopher Nolan
Metropolis,1927,150.2,Fritz Lang
"Metti, una sera a cena",1969,118.4,Giuseppe Patroni Griffi
Mia,2023,105.1,Ivano De Matteo
A mia sorella!,2001,86.6,Catherine Breillat
Mia Wallace,2023,6.3,
Mia Wallace Il Ritorno Della Trota,2023,12.0,
Mia Wallace Vol III,2024,11.0,
Miami Vice,2006,139.2,Michael Mann
Michael,2026,128.7,Antoine Fuqua
Midnight in Paris,2011,94.8,Woody Allen
La migliore offerta,2013,130.6,Giuseppe Tornatore
Mimì metallurgico ferito nell'onore,1972,112.7,Lina Wertmüller
Minding the Gap,2018,93.5,Bing Liu
Mine vaganti,2010,113.0,Ferzan Özpetek
Mishima: Una vita in quattro capitoli,1985,121.5,Paul Schrader
Miss Stevens,2016,86.0,Julia Hart
Mission,1986,125.0,Roland Joffé
Mister Lonely,2008,112.5,Harmony Korine
Mixed by Erry,2023,112.3,Sydney Sibilia
Mommy,2014,138.6,Xavier Dolan
Mon Crime - La colpevole sono io,2023,103.6,François Ozon
Mondocane,2021,116.9,Alessandro Celli
Moneyboys,2021,120.0,C.B. Yi
Monsters & Co.,2001,92.3,Pete Docter
Monsters University,2013,104.3,Dan Scanlon
La montagna sacra,1973,113.5,Alejandro Jodorowsky
Moonage Daydream,2022,134.9,Brett Morgen
Moonrise Kingdom - Una fuga d'amore,2012,94.0,Wes Anderson
Morte a Venezia,1971,131.0,Luchino Visconti
La mosca,1986,95.6,David Cronenberg
Mostri contro alieni,2009,94.6,Conrad Vernon
Mr Nobody Against Putin,2025,88.8,David Borenstein
Mrs. Doubtfire - Mammo per sempre,1993,125.2,Chris Columbus
Mur murs,1981,82.3,Agnès Varda
My Best Friend,2018,91.5,Martín Deus
My Old Ass,2024,88.8,Megan Park
My Psychedelic Love Story,2020,102.2,Errol Morris
Mysterious Skin,2004,105.1,Gregg Araki
Mystery train: martedì notte a Memphis,1989,110.5,Jim Jarmusch
Narciso nero,1947,101.1,Michael Powell
National Anthem,2023,99.1,Luke Gilford
Navalny,2022,98.8,Daniel Roher
The Neighbors' Window,2019,20.6,Marshall Curry
Nell'intimità - Intimacy,2001,119.9,Patrice Chéreau
Neon Heart,2018,86.0,Laurits Flensted-Jensen
A New Kind of Wilderness,2024,83.8,Silje Evensmo Jacobsen
Niente da nascondere,2005,117.9,Michael Haneke
Night Will Fall - Perché non scenda la notte,2014,78.5,André Singer
Nightmare - Dal profondo della notte,1984,91.2,Wes Craven
No Other Choice - Non c'è altra scelta,2025,139.0,Park Chan-wook
No Other Land,2024,92.2,Yuval Abraham
Nocturama,2016,130.7,Bertrand Bonello
Nodo alla gola,1948,80.7,Alfred Hitchcock
Noi e loro,2025,118.5,Muriel Coulin
Non aprite quella porta,1974,83.4,Tobe Hooper
Non succederà più,2023,90.0,Giovanni Vestri
Non ti muovere,2004,117.6,Sergio Castellitto
Nonostante,2025,84.3,Valerio Mastandrea
"Noordzee, Texas",2011,98.3,Bavo Defurne
Norimberga,2025,148.6,James Vanderbilt
The Normal Heart,2014,132.6,Ryan Murphy
Not Knowing,2019,90.9,Leyla Yılmaz
Notorious - L'amante perduta,1946,101.6,Alfred Hitchcock
Notre-Dame in fiamme,2022,105.8,Jean-Jacques Annaud
La notte dei morti viventi,1968,96.6,George A. Romero
Notti selvagge,1992,122.2,Cyril Collard
Nouvelle Vague,2025,106.1,Richard Linklater
Nuovo Cinema Paradiso,1988,123.8,Giuseppe Tornatore
O Ornitólogo,2016,113.4,João Pedro Rodrigues
Occhi senza volto,1960,90.4,Georges Franju
Okja,2017,121.3,Bong Joon Ho
Old Boy,2003,120.0,Park Chan-wook
On the Count of Three,2021,85.7,Jerrod Carmichael
One and Two,2015,90.5,Andrew Droz Palermo
The One You Never Forget,2019,8.2,Morgan Jon Fox
Only the Animals - Storie di spiriti amanti,2019,117.5,Dominik Moll
Oppenheimer,2023,180.4,Christopher Nolan
"Oslo, 31. august",2011,94.3,Joachim Trier
Other Side of the Box,2018,15.4,Caleb J. Phillips
The Outrun - Nelle isole estreme,2024,118.0,Nora Fingscheidt
Overlook Hotel - Stanza 237,2012,103.0,Rodney Ascher
The Palace,2023,101.0,Roman Polanski
Palmaria Island,2019,6.7,
El Paraíso,2024,102.9,Enrico Maria Artale
Paranoid Park,2007,84.5,Gus Van Sant
Parasite,2019,131.8,Bong Joon Ho
"Parigi, 13 arr.",2021,105.4,Jacques Audiard
"Parigi, tutto in una notte",2021,95.4,Catherine Corsini
Paris 05:59,2016,101.1,Olivier Ducastel
Paris Is Burning,1990,77.2,Jennie Livingston
"Paris, je t'aime",2006,120.4,Gurinder Chadha
"Paris, Texas",1984,145.0,Wim Wenders
La parola ai giurati,1957,96.4,Sidney Lumet
La partita,2013,93.2,Antonio Hens
La partita,2020,96.3,Francesco Carnesecchi
Pasqualino Settebellezze,1975,116.5,Lina Wertmüller
Passages,2023,91.9,Ira Sachs
Patagonia,2023,107.2,Simone Bozzelli
Paternal Leave,2025,108.7,Alissa Jung
Paterson,2016,118.0,Jim Jarmusch
La pazza gioia,2016,116.1,Paolo Virzì
Perché un assassinio,1974,102.1,Alan J. Pakula
Perfect Days,2023,124.3,Wim Wenders
The Perfect Neighbor: La vicina perfetta,2025,98.5,Geeta Gandbhir
Perfetti sconosciuti,2016,96.1,Paolo Genovese
Persepolis,2007,91.6,Marjane Satrapi
Persona,1966,84.1,Ingmar Bergman
La persona peggiore del mondo,2021,127.8,Joachim Trier
Peter von Kant,2022,85.4,François Ozon
Philadelphia,1993,120.4,Jonathan Demme
La Pianista,2001,131.1,Michael Haneke
Pink Narcissus,1971,64.5,James Bidgood
Pinocchio,2019,125.0,Matteo Garrone
La piscina,1969,123.1,Jacques Deray
Piume di struzzo,1996,119.2,Mike Nichols
The Place,2017,101.2,Paolo Genovese
Platoon,1986,119.8,Oliver Stone
Pleasure,2021,108.0,Ninja Thyberg
Point Break - Punto di rottura,1991,122.1,Kathryn Bigelow
Poof,2018,15.3,Dean Anderson
Possession,1981,123.7,Andrzej Żuławski
Possessor,2020,104.3,Brandon Cronenberg
Povere creature!,2023,141.6,Yorgos Lanthimos
Predators,2025,97.9,David Osit
Presto,2008,5.3,Doug Sweetland
Pride,2014,121.3,Matthew Warchus
Prima che sia notte,2000,133.3,Julian Schnabel
Prima dell'alba,1995,101.1,Richard Linklater
Prima della rivoluzione,1964,111.7,Bernardo Bertolucci
Primo amore,2004,93.2,Matteo Garrone
Prince of Broadway,2008,101.0,Sean Baker
Priscilla,2023,112.8,Sofia Coppola
Prisoners,2013,153.2,Denis Villeneuve
Private Life,2018,124.1,Tamara Jenkins
Profondo Blu,2003,86.7,Alastair Fothergill
Profondo rosso,1975,126.6,Dario Argento
La promessa dell'assassino,2007,100.6,David Cronenberg
Prosciutto prosciutto,1992,95.0,Bigas Luna
Prossima fermata: Fruitvale Station,2013,85.0,Ryan Coogler
The Protagonists,1999,91.7,Luca Guadagnino
Protect Me from What I Want,2009,13.9,Dominic Leclerc
Psyco,1960,108.9,Alfred Hitchcock
Pulse,2001,119.0,Kiyoshi Kurosawa
Pusher - L'inizio,1996,105.4,Nicolas Winding Refn
Put Your Soul on Your Hand and Walk,2025,112.9,Sepideh Farsi
Qualcuno volò sul nido del cuculo,1975,133.7,Miloš Forman
Quasi famosi,2000,161.5,Cameron Crowe
Quasi niente,2000,94.0,Sébastien Lifshitz
Queer,2024,136.4,Luca Guadagnino
Quei bravi ragazzi,1990,145.4,Martin Scorsese
Queimada,1969,129.0,Gillo Pontecorvo
Quel fantastico peggior anno della mia vita,2015,105.2,Alfonso Gomez-Rejon
Querelle De Brest,1982,108.4,Rainer Werner Fassbinder
Questa è la mia vita,1962,83.8,Jean-Luc Godard
"Quo Vadis, Aida?",2020,104.0,Jasmila Žbanić
Quo vado?,2016,90.8,Gennaro Nunziante
La rabbia giovane,1973,94.0,Terrence Malick
Rabbit Hole,2010,91.5,John Cameron Mitchell
Ralph Spaccatutto,2012,101.2,Rich Moore
Rapito,2023,134.0,Marco Bellocchio
Ratatouille,2007,110.6,Brad Bird
Ratcatcher - Acchiappatopi,1999,93.9,Lynne Ramsay
Raw - Una cruda verità,2017,98.5,Julia Ducournau
A Real Pain,2024,89.8,Jesse Eisenberg
Reality,2012,116.4,Matteo Garrone
Red Rocket,2021,130.0,Sean Baker
Regia Elaborato N 1 Vestri Giovanni,,1.3,
Regia Elaborato N 2 Vestri Giovanni,,1.5,
La regola del gioco,1939,106.6,Jean Renoir
Requiem for a Dream,2000,101.4,Darren Aronofsky
Resurrection,2025,159.4,Bi Gan
Retake,2016,99.0,Nick Corporon
Revenge,2017,108.5,Coralie Fargeat
Riefenstahl,2024,115.1,Andres Veiel
The Road to Guantanamo,2006,95.5,Michael Winterbottom
The Road to Patagonia,2024,91.0,Matty Hannon
Rocco,2016,102.6,Thierry Demaizière
Rocco e i suoi fratelli,1960,178.9,Luchino Visconti
Roma,2018,135.3,Alfonso Cuarón
Romance,1999,98.6,Catherine Breillat
Rosemary's baby: nastro rosso a New York,1968,137.0,Roman Polanski
"Rosso, bianco & sangue blu",2023,121.2,Matthew López
Rude Boy,1980,132.8,David Mingay
Rusty il selvaggio,1983,94.5,Francis Ford Coppola
Rutina,2023,21.2,Roberto López Carneiro
Sabrina,1954,113.6,Billy Wilder
Sacco e Vanzetti,1971,124.7,Giuliano Montaldo
Salò o le 120 giornate di Sodoma,1975,116.7,Pier Paolo Pasolini
Saltburn,2023,131.8,Emerald Fennell
Sans soleil,1983,104.0,Chris Marker
Santa Maud,2020,84.4,Rose Glass
Scarface,1983,170.0,Brian De Palma
La scelta di Sophie,1982,151.1,Alan J. Pakula
SCUSA SORRIDO,2021,50.1,
Sebastian,2024,110.5,Mikko Mäkelä
Secretary,2002,111.1,Steven Shainberg
Selvaggio,2018,99.2,Camille Vidal-Naquet
Sentimental Value,2025,133.3,Joachim Trier
Senza destino,2005,140.2,Lajos Koltai
Senza tetto nè legge,1985,106.2,Agnès Varda
A Serbian Film,2010,99.4,Srđan Spasojević
Sergio Leone - L'italiano che inventò l'America,2022,103.0,Francesco Zippel
Seul contre tous,1998,88.6,Gaspar Noé
Sex,2024,120.4,Dag Johan Haugerud
Sexy Beast - L'ultimo colpo della bestia,2000,88.7,Jonathan Glazer
Shelter,2007,89.0,Jonah Markowitz
Shining,1980,143.8,Stanley Kubrick
Shortbus - Dove tutto è permesso,2006,101.4,John Cameron Mitchell
The Shrouds - Segreti sepolti,2025,119.5,David Cronenberg
Shuttlecock,2019,100.8,Tommy Gillard
Siccità,2022,124.0,Paolo Virzì
Sick of Myself,2022,97.2,Kristoffer Borgli
Silent Secrets,2024,13.0,Yarne Van Elsen
Simon Killer,2012,105.8,Antonio Campos
Sinbad - La leggenda dei sette mari,2003,85.7,Patrick Gilmore
Sinfonia d'autunno,1978,93.3,Ingmar Bergman
Singles - L'amore è un gioco,1992,99.2,Cameron Crowe
Sirāt,2025,109.8,Oliver Laxe
The Smell of Us,2014,87.9,Larry Clark
Smetto quando voglio,2014,101.0,Sydney Sibilia
Smetto quando voglio - Ad honorem,2017,97.9,Sydney Sibilia
Smetto quando voglio - Masterclass,2017,113.8,Sydney Sibilia
Smoke Sauna - I segreti della sorellanza,2023,88.8,Anna Hints
SMOKING,2023,26.4,
Solaris,1972,166.9,Andrei Tarkovsky
Sole a catinelle,2013,87.5,Gennaro Nunziante
La solitudine dei non amati,2024,104.0,Lilja Ingolfsdottir
Somewhere,2010,97.7,Sofia Coppola
Song to Song,2017,128.9,Terrence Malick
Sorry Angel,2018,132.6,Christophe Honoré
"Sorry, Baby",2025,103.0,Eva Victor
Sound of Metal,2020,120.8,Darius Marder
The Spectacular Now,2013,95.1,James Ponsoldt
Spring Breakers - Una vacanza da sballo,2013,94.0,Harmony Korine
The Square,2017,151.2,Ruben Östlund
Stalker,1979,161.9,Andrei Tarkovsky
Stand by Me - Ricordo di un'estate,1986,88.7,Rob Reiner
La stanza accanto,2024,107.1,Pedro Almodóvar
La stanza del figlio,2001,95.1,Nanni Moretti
Starlet,2012,103.1,Sean Baker
La storia di Souleymane,2024,93.7,Boris Lojkine
Storie - Racconto incompleto di diversi viaggi,2000,117.3,Michael Haneke
Storie pazzesche,2014,122.0,Damián Szifron
La strada,1954,107.8,Federico Fellini
Strade perdute,1997,134.1,David Lynch
Strange Darling,2023,97.5,JT Mollner
Strange Way of Life,2023,31.7,Pedro Almodóvar
Stranger Than Paradise - Più strano del paradiso,1984,89.1,Jim Jarmusch
The Strangers' Case,2026,103.7,Brandt Andersen
Stranizza d'amuri,2023,128.7,Giuseppe Fiorello
Stregata dalla luna,1987,102.0,Norman Jewison
The Substance,2024,141.1,Coralie Fargeat
Suburbia,1996,121.1,Richard Linklater
Suburra,2015,134.8,Stefano Sollima
Sugar Man,2012,86.4,Malik Bendjelloul
Sujo,2024,127.4,Fernanda Valadez
Summer on a solitary beach,2024,27.3,Giovanni Vestri
Summer Storm,2004,97.8,Marco Kreuzpaintner
The Summit,2013,97.0,Massimo Lauria
Super Dark Times,2017,103.0,Kevin Phillips
Suspiria,1977,99.1,Dario Argento
Suspiria,2018,146.3,Luca Guadagnino
A Swedish Love Story,1970,119.4,Roy Andersson
The Sweet East,2023,104.3,Sean Price Williams
Syndromes and a Century,2006,105.8,Apichatpong Weerasethakul
"Synecdoche, New York",2008,123.8,Charlie Kaufman
Taking Off,1971,92.6,Miloš Forman
The Tale of Silyan,2025,79.9,Tamara Kotevska
Tampopo,1985,114.6,Jūzō Itami
Tangerine,2015,87.8,Sean Baker
Tatami - Una donna in lotta per la libertà,2024,104.0,Zar Amir Ebrahimi
Taxi Teheran,2015,81.4,Jafar Panahi
Taxidermia,2006,94.1,György Pálfi
Taxisti di notte,1991,128.0,Jim Jarmusch
Te l'avevo detto,2024,101.1,Ginevra Elkann
Tell Me How,2018,7.2,Agostino Leone
Tenemos la carne,2016,79.9,Emiliano Rocha Minter
La teoria del tutto,2014,123.4,James Marsh
La terra dell'abbastanza,2018,94.9,Fabio D'Innocenzo
La terra di Dio,2017,104.5,Francis Lee
La terra promessa,2023,127.1,Nikolaj Arcel
That They May Face the Rising Sun,2023,111.0,Pat Collins
Thelma,2024,98.2,Josh Margolin
Thirteen - 13 anni,2003,100.1,Catherine Hardwicke
This is Congo,2017,91.8,Daniel McCabe
Ti presento Sofia,2018,94.4,Guido Chiesa
Titane,2021,108.1,Julia Ducournau
Titanic,1997,194.8,James Cameron
Together,2025,102.0,Michael Shanks
Tolo Tolo,2020,94.7,Checco Zalone
Tomboy,2011,82.1,Céline Sciamma
Totally F***ed Up,1993,79.4,Gregg Araki
Toy Story - Il mondo dei giocattoli,1995,81.1,John Lasseter
Toy Story 2 - Woody & Buzz alla riscossa,1999,92.4,John Lasseter
Trade Secret,2025,100.2,Abraham Joffe
Trainspotting,1996,93.9,Danny Boyle
Trash Humpers,2009,77.5,Harmony Korine
Travolti da un insolito destino nell'azzurro mare d'agosto,1974,109.5,Lina Wertmüller
Tre colori - Film bianco,1994,87.9,Krzysztof Kieślowski
Tre colori - Film blu,1993,94.0,Krzysztof Kieślowski
Tre colori - Film rosso,1994,95.2,Krzysztof Kieślowski
Tre identici sconosciuti,2018,96.6,Tim Wardle
The Tree of Life,2011,138.9,Terrence Malick
Trevor,1994,18.6,Peggy Rajski
Triangle of Sadness,2022,147.3,Ruben Östlund
The Tribe,2014,132.2,Myroslav Slaboshpytskyi
Troppo azzurro,2024,88.2,Filippo Barbagallo
Turn It Around,2017,9.4,Niels Bourgonje
Tutti i battiti del mio cuore,2005,106.6,Jacques Audiard
Tutto in un'estate!,2024,91.6,Louise Courvoisier
Ubriaco d'amore,2002,95.1,Paul Thomas Anderson
Uccellacci e uccellini,1966,85.2,Pier Paolo Pasolini
Udaan,2010,137.6,Vikramaditya Motwane
Ultimo tango a Parigi,1972,129.6,Bernardo Bertolucci
Umberto D.,1952,88.8,Vittorio De Sica
Un affare di famiglia,2018,120.9,Hirokazu Kore-eda
Un altro giorno in paradiso,1998,101.2,Larry Clark
Un bacio prima di morire,1991,93.0,James Dearden
Un colpo di fortuna,2023,96.3,Woody Allen
"Un ragazzo, tre ragazze - Racconto d'estate",1996,113.8,Éric Rohmer
Un rubio,2019,111.3,Marco Berger
Un sapore di ruggine e ossa,2012,122.2,Jacques Audiard
Un semplice incidente,2025,103.4,Jafar Panahi
Un sogno chiamato Florida,2017,111.6,Sean Baker
Un uomo da marciapiede,1969,113.3,John Schlesinger
Una battaglia dopo l’altra,2025,162.4,Paul Thomas Anderson
Una giornata particolare,1977,107.0,Ettore Scola
Una notte a New York,2024,99.7,Christy Hall
Una relazione passeggera,2022,100.7,Emmanuel Mouret
Una scomoda circostanza - Caught Stealing,2025,106.7,Darren Aronofsky
Una spiegazione per tutto,2023,146.0,Gábor Reisz
Una sterminata domenica,2023,110.8,Alain Parroni
Una vita difficile,1961,113.2,Dino Risi
UNLOVED BOY,2025,4.7,Ettore Longo
The Untouchables - Gli intoccabili,1987,119.5,Brian De Palma
Urchin,2025,99.5,Harris Dickinson
Va' e vedi,1985,143.3,Elem Klimov
Vacanze romane,1953,118.2,William Wyler
La valle dei sorrisi,2025,122.7,Paolo Strippoli
Vampira umanista cerca suicida consenziente,2023,91.4,Ariane Louis-Seize
Varda by Agnès,2019,114.8,Agnès Varda
Velluto blu,1986,120.5,David Lynch
Velvet Goldmine,1998,118.5,Todd Haynes
Venuto al mondo,2012,129.3,Sergio Castellitto
Viaggi di nozze,1995,105.6,Carlo Verdone
Victoria,2015,138.6,Sebastian Schipper
Videodrome,1983,88.9,David Cronenberg
Viet and Nam,2024,123.9,Trương Minh Quý
Visages villages,2017,93.2,JR
The Visitor,2024,101.0,Bruce LaBruce
La vita di Adele: Capitoli 1 & 2,2013,180.1,Abdellatif Kechiche
La vita è bella,1997,115.2,Roberto Benigni
La vita è un raccolto,2000,82.5,Agnès Varda
La vita invisibile di Eurídice Gusmão,2019,135.2,Karim Aïnouz
La vita nascosta - Hidden Life,2019,174.4,Terrence Malick
Viva la libertà,2013,95.8,Roberto Andò
La voce di Hind Rajab,2025,85.2,Kaouther Ben Hania
Volare,2023,96.2,Margherita Buy
Volevo Nascondermi,2020,119.4,Giorgio Diritti
Vortex,2021,142.1,Gaspar Noé
Vox Lux,2018,114.5,Brady Corbet
Warfare - Tempo di guerra,2025,95.5,Alex Garland
Wassup Rockers,2005,98.6,Larry Clark
Wasteman,2026,90.0,Cal McMau
Waves - Le onde della vita,2019,135.7,Trey Edward Shults
The Way He Looks,2014,96.1,Daniel Ribeiro
We Were Here,2011,90.0,David Weissman
We Were Once Kids,2021,87.1,Eddie Martin
Weapons,2025,128.5,Zach Cregger
Weekend,2011,97.3,Andrew Haigh
Wetlands,2013,109.3,David Wnendt
When I Grow Up,2019,5.0,Tyler Reeves
Wij,2018,99.8,Rene Eller
Will Hunting - Genio ribelle,1997,126.6,Gus Van Sant
Winter Boy,2022,123.0,Christophe Honoré
Wonka,2023,116.2,Paul King
Woodshock,2017,101.0,Kate Mulleavy
The Woodsman - Il segreto,2004,87.1,Nicole Kassell
The Wrestler,2008,109.5,Darren Aronofsky
Y tu mamá también - Anche tua madre,2001,105.9,Alfonso Cuarón
Yannick - La rivincita dello spettatore,2023,66.8,Quentin Dupieux
Yi yi - E uno... e due!,2000,173.6,Edward Yang
You Are Not Alone,1978,93.6,Lasse Nielsen
YOU MAKE ME SO HAPPY filmcompleto,2023,100.8,
Young Hearts,2024,99.6,Anthony Schatteman
La zona d'interesse,2023,104.7,Jonathan Glazer
π: Il teorema del delirio,1998,84.2,Darren Aronofsky
